,precision,recall,f1-score,support
Negative,0.8636363636363636,1.0,0.926829268292683,19.0
Neutral,1.0,0.2857142857142857,0.4444444444444444,14.0
Positive,0.7083333333333334,1.0,0.8292682926829268,17.0
accuracy,0.8,0.8,0.8,0.8
macro avg,0.8573232323232324,0.7619047619047619,0.7335140018066847,50.0
weighted avg,0.8490151515151516,0.8,0.7585907859078591,50.0
